,SalePrice,LotArea,OverallQual,YearBuilt,GrLivArea,Fireplaces,GarageArea,Condition
0,208500,8450,7,2003,1710,0,548,1
1,181500,9600,6,1976,1262,1,460,0
2,223500,11250,7,2001,1786,1,608,1
3,140000,9550,7,1915,1717,1,642,1
4,250000,14260,8,2000,2198,1,836,1
5,143000,14115,5,1993,1362,0,480,1
6,307000,10084,8,2004,1694,1,636,1
7,200000,10382,7,1973,2090,2,484,0
8,129900,6120,7,1931,1774,2,468,0
9,118000,7420,5,1939,1077,2,205,1
10,129500,11200,5,1965,1040,0,384,1
11,345000,11924,9,2005,2324,2,736,1
12,144000,12968,5,1962,912,0,352,1
13,279500,10652,7,2006,1494,1,840,1
14,157000,10920,6,1960,1253,1,352,1
15,132000,6120,7,1929,854,0,576,1
16,149000,11241,6,1970,1004,1,480,1
17,90000,10791,4,1967,1296,0,516,1
18,159000,13695,5,2004,1114,0,576,0
19,139000,7560,5,1958,1339,0,294,1
20,325300,14215,8,2005,2376,1,853,1
21,139400,7449,7,1930,1108,1,280,1
22,230000,9742,8,2002,1795,1,534,1
23,129900,4224,5,1976,1060,1,572,1
24,154000,8246,5,1968,1060,1,270,1
25,256300,14230,8,2007,1600,1,890,1
26,134800,7200,5,1951,900,0,576,1
27,306000,11478,8,2007,1704,1,772,1
28,207500,16321,5,1957,1600,2,319,1
29,68500,6324,4,1927,520,0,240,0
30,40000,8500,4,1920,1317,0,250,0
31,149350,8544,5,1966,1228,0,271,1
32,179900,11049,8,2007,1234,0,484,1
33,165500,10552,5,1959,1700,1,447,1
34,277500,7313,9,2005,1561,1,556,1
35,309000,13418,8,2004,2452,1,691,1
36,145000,10859,5,1994,1097,0,672,1
37,153000,8532,5,1954,1297,1,498,1
38,109000,7922,5,1953,1057,0,246,1
39,82000,6040,4,1955,1152,0,0,1
40,160000,8658,6,1965,1324,1,440,1
41,170000,16905,5,1959,1328,2,308,1
42,144000,9180,5,1983,884,0,504,1
43,130250,9200,5,1975,938,0,308,1
44,141000,7945,5,1959,1150,0,300,1
45,319900,7658,9,2005,1752,1,576,1
46,239686,12822,7,2003,2149,1,670,1
47,249700,11096,8,2006,1656,0,826,1
48,113000,4456,4,1920,1452,0,0,1
49,127000,7742,5,1966,955,0,386,1
50,177000,13869,6,1997,1470,0,388,1
51,114500,6240,6,1934,1176,1,528,1
52,110000,8472,5,1963,816,0,516,0
53,385000,50271,9,1981,1842,1,894,1
54,130000,7134,5,1955,1360,1,572,1
55,180500,10175,6,1964,1425,1,576,1
56,172500,2645,8,1999,1739,0,480,1
57,196500,11645,7,2004,1720,0,565,1
58,438780,13682,10,2006,2945,1,641,1
59,124900,7200,5,1972,780,0,352,1
60,158000,13072,6,2004,1158,0,576,0
61,101000,7200,5,1920,1111,0,288,1
62,202500,6442,8,2006,1370,1,484,1
63,140000,10300,7,1921,1710,0,480,0
64,219500,9375,7,1997,2034,0,645,1
65,317000,9591,8,2004,2473,1,852,1
66,180000,19900,7,1970,2207,1,576,0
67,226000,10665,7,2003,1479,0,558,1
68,80000,4608,4,1945,747,0,220,0
69,225000,15593,7,1953,2287,1,667,1
70,244000,13651,7,1973,2223,2,516,1
71,129500,7599,4,1982,845,0,360,1
72,185000,10141,7,1998,1718,1,427,1
73,144900,10200,5,1954,1086,0,490,1
74,107400,5790,3,1915,1605,0,379,1
75,91000,1596,4,1973,988,0,297,1
76,135750,8475,4,1956,952,0,283,1
77,127000,8635,5,1948,1285,0,240,1
78,136500,10778,4,1968,1768,0,0,1
79,110000,10440,5,1910,1230,0,440,1
80,193500,13000,6,1968,2142,1,509,1
81,153500,4500,6,1998,1337,0,405,1
82,245000,10206,8,2007,1563,1,758,1
83,126500,8892,5,1960,1065,0,461,1
84,168500,8530,7,1995,1474,1,400,1
85,260000,16059,8,1991,2417,1,462,1
86,174000,11911,6,2005,1560,1,400,1
87,164500,3951,6,2009,1224,0,528,1
88,85000,8470,3,1915,1526,0,0,1
89,123600,8070,4,1994,990,0,0,1
90,109900,7200,4,1950,1040,0,420,1
91,98600,8500,5,1961,1235,0,480,1
92,163500,13360,5,1921,964,0,432,1
93,133900,7200,6,1910,2291,1,506,1
94,204750,9337,6,1997,1786,0,684,1
95,185000,9765,6,1993,1470,1,420,1
96,214000,10264,7,1999,1588,0,472,1
97,94750,10921,4,1965,960,0,432,1
98,83000,10625,5,1920,835,0,366,1
99,128950,9320,4,1959,1225,0,0,1
100,205000,10603,6,1977,1610,2,480,1
101,178000,9206,6,1985,1732,1,476,1
102,118964,7018,5,1979,1535,0,410,1
103,198900,10402,7,2009,1226,0,740,1
104,169500,7758,7,1931,1818,2,240,1
105,250000,9375,8,2003,1992,1,648,1
106,100000,10800,4,1885,1047,0,273,1
107,115000,6000,5,1948,789,0,250,1
108,115000,8500,5,1919,1517,0,0,0
109,190000,11751,6,1977,1844,1,546,1
110,136900,9525,6,1954,1855,0,325,1
111,180000,7750,7,2000,1430,1,400,1
112,383970,9965,7,2007,2696,1,792,1
113,217000,21000,6,1953,2259,2,450,1
114,259500,7259,6,1945,2320,1,180,1
115,176000,3230,6,1999,1458,1,440,1
116,139000,11616,5,1962,1092,1,288,1
117,155000,8536,5,2006,1125,0,430,1
118,320000,12376,7,1990,3222,2,594,1
119,163990,8461,6,2005,1456,1,390,1
120,180000,21453,6,1969,988,2,540,1
121,100000,6060,4,1939,1123,0,264,1
122,136000,9464,6,1958,1080,0,288,1
123,153900,7892,6,1993,1199,0,530,1
124,181000,17043,6,1979,1586,1,435,1
125,84500,6780,6,1935,754,0,0,1
126,128000,4928,6,1976,958,1,440,1
127,87000,4388,5,1930,840,1,0,0
128,155000,7590,6,1966,1348,1,453,0
129,150000,8973,5,1958,1053,0,750,1
130,226000,14200,7,1966,2157,2,487,1
131,244000,12224,6,2000,2054,1,390,1
132,150750,7388,5,1959,1327,0,624,1
133,220000,6853,8,2001,1296,0,471,1
134,180000,10335,5,1968,1721,1,440,1
135,174000,10400,7,1970,1682,1,530,1
136,143000,10355,5,1967,1214,1,318,1
137,171000,11070,7,1988,1959,0,766,1
138,230000,9066,8,1999,1852,2,660,1
139,231500,15426,6,1997,1764,0,470,1
140,115000,10500,4,1971,864,1,0,1
141,260000,11645,7,2005,1734,0,660,1
142,166000,8520,5,1952,1385,0,720,0
143,204000,10335,7,1999,1501,0,577,1
144,125000,9100,5,1963,1728,0,504,0
145,130000,2522,6,2004,1709,0,380,1
146,105000,6120,5,1931,875,0,180,1
147,222500,9505,7,2001,2035,1,434,1
148,141000,7500,7,2004,1080,0,0,1
149,115000,6240,5,1936,1344,0,240,1
150,122000,10356,5,1975,969,0,440,1
151,372402,13891,8,2007,1710,1,866,1
152,190000,14803,6,1971,1993,1,495,1
153,235000,13500,6,1960,1252,1,564,1
154,125000,11340,6,1923,1200,0,312,1
155,79000,9600,6,1924,1096,0,0,0
156,109500,7200,5,1950,1040,0,625,1
157,269500,12003,8,2009,1968,1,680,1
158,254900,12552,7,2004,1947,1,678,1
159,320000,19378,7,2005,2462,1,576,1
160,162500,11120,6,1984,1232,0,516,1
161,412500,13688,9,2003,2668,2,726,1
162,220000,12182,7,2005,1541,1,532,1
163,103200,5500,4,1956,882,0,0,1
164,152000,5400,6,1926,1616,0,216,1
165,127500,10106,5,1940,1355,0,0,1
166,190000,10708,5,1955,1867,3,303,1
167,325624,10562,8,2007,2161,1,789,1
168,183500,8244,7,2004,1720,1,440,1
169,228000,16669,8,1981,1707,1,511,1
170,128500,12358,5,1941,1382,0,660,0
171,215000,31770,6,1960,1656,2,528,1
172,239000,5306,7,1987,1767,1,504,1
173,163000,10197,6,1961,1362,1,504,1
174,184000,12416,6,1986,1651,1,616,1
175,243000,12615,6,1950,2158,1,576,1
176,211000,10029,6,1988,2060,1,521,1
177,172500,13650,5,1958,1920,1,451,1
178,501837,17423,9,2008,2234,1,1166,1
179,100000,8520,5,1923,968,0,480,1
180,177000,2117,6,2000,1525,1,440,1
181,200100,7588,7,1920,1802,1,216,1
182,120000,9060,5,1957,1340,1,252,0
183,200000,11426,7,2003,2082,0,484,1
184,127000,7438,5,1908,1252,0,576,0
185,475000,22950,10,1892,3608,2,840,0
186,173000,9947,7,1990,1217,0,497,1
187,135000,10410,5,1916,1656,0,180,1
188,153337,7018,5,1979,1224,2,528,0
189,286000,4923,8,2001,1593,1,682,1
190,315000,10570,8,1932,2727,2,440,1
191,184000,7472,7,1972,1479,0,484,1
192,192000,9017,7,1999,1431,0,666,1
193,130000,2522,7,2004,1709,0,380,1
194,127000,7180,5,1972,864,0,352,1
195,148500,2280,6,1976,1456,1,440,1
196,311872,9416,7,2007,1726,1,786,1
197,235000,25419,8,1918,3112,1,795,0
198,104000,5520,6,1912,2229,0,0,1
199,274900,9591,8,2004,1713,1,856,1
200,140000,8546,4,2003,1121,0,440,1
201,171500,10125,6,1977,1279,2,473,1
202,112000,7000,6,1924,1310,0,398,0
203,149000,4438,6,2004,848,1,420,1
204,110000,3500,5,1947,1284,0,240,1
205,180500,11851,7,1990,1442,0,500,1
206,143900,13673,5,1962,1696,1,349,0
207,141000,12493,4,1960,1100,1,312,1
208,277000,14364,7,1988,2062,1,454,1
209,145000,8250,6,1964,1092,0,504,1
210,98000,5604,5,1925,864,0,0,1
211,186000,10420,6,2009,1212,0,460,1
212,252678,8640,7,2009,1852,1,644,1
213,156000,13568,5,1995,990,0,576,1
214,161750,10900,6,1977,1392,0,299,1
215,134450,10011,5,1957,1236,1,447,1
216,210000,8450,7,2004,1436,0,484,1
217,107000,9906,4,1925,1328,0,210,1
218,311500,15660,7,1939,1954,2,431,1
219,167240,3010,7,2005,1248,0,438,1
220,204900,8990,7,2006,1498,0,675,1
221,200000,8068,6,2002,2267,1,390,1
222,179900,11475,6,1975,1552,1,434,0
223,97000,10500,4,1971,864,0,576,1
224,386250,13472,10,2003,2392,1,968,1
225,112000,1680,5,1971,1302,0,280,1
226,290000,9950,7,1995,2520,1,721,1
227,106000,1869,6,1970,987,0,280,1
228,125000,8521,5,1967,912,1,336,0
229,192500,3182,7,2005,1555,1,430,1
230,148000,8760,6,1959,1194,0,312,1
231,403000,15138,8,1995,2794,1,810,1
232,94500,1680,6,1972,987,1,288,1
233,128200,10650,5,1976,894,0,308,1
234,216500,7851,6,2002,1960,2,440,1
235,89500,1680,6,1971,987,0,264,1
236,185500,8773,7,2004,1414,0,494,1
237,194500,9453,7,1993,1744,0,457,0
238,318000,12030,8,2007,1694,0,818,1
239,113000,8741,6,1945,1487,1,220,1
240,262500,9000,8,2008,1566,0,750,1
241,110500,3880,5,1945,866,0,0,1
242,79000,5000,5,1900,1440,0,352,1
243,120000,10762,6,1980,1217,1,288,1
244,205000,8880,7,1994,2110,2,463,1
245,241500,10400,7,1988,1872,1,604,1
246,137000,9142,6,1910,1928,0,440,1
247,140000,11310,6,1954,1375,1,451,1
248,180000,11317,7,2003,1668,0,500,1
249,277000,159000,6,1958,2144,2,389,1
250,76500,5350,3,1940,1306,0,0,1
251,235000,4750,8,2006,1625,1,538,1
252,173000,8366,6,2004,1640,0,520,1
253,158000,9350,6,1964,1302,0,309,1
254,145000,8400,5,1957,1314,0,294,1
255,230000,8738,7,1999,2291,1,429,1
256,207500,8791,6,2003,1728,0,673,1
257,220000,8814,7,2006,1604,1,660,1
258,231500,12435,7,2001,1792,1,564,1
259,97000,12702,5,1956,882,0,308,1
260,176000,19296,6,1962,1382,1,884,0
261,276000,9588,8,2007,2574,1,868,1
262,151000,8471,6,1977,1212,1,492,1
263,130000,5500,5,1929,1316,0,484,1
264,73000,5232,5,1925,764,0,504,0
265,175500,12090,6,1981,1422,1,576,1
266,185000,11207,6,1997,1511,1,413,1
267,179500,8400,5,1939,2192,1,240,1
268,120500,6900,5,1940,778,1,924,1
269,148000,7917,6,1976,1113,1,504,1
270,266000,10728,8,2006,1939,1,1053,1
271,241500,39104,7,1954,1363,2,439,1
272,290000,11764,8,1999,2270,1,671,1
273,139000,9600,6,1958,1632,1,338,0
274,124500,8314,5,1982,816,0,264,1
275,205000,7264,7,1925,1548,0,672,1
276,201000,9196,7,2003,1560,0,573,1
277,141000,19138,4,1951,864,0,400,1
278,415298,14450,9,2006,2121,1,732,1
279,192000,10005,7,1977,2022,1,505,1
280,228500,11287,7,1989,1982,1,575,1
281,185000,7200,6,2006,1262,0,572,1
282,207500,5063,7,2007,1314,1,626,1
283,244600,9612,8,2008,1468,1,898,0
284,179200,8012,6,1992,1575,0,529,1
285,164700,4251,7,2006,1250,0,528,1
286,159000,9786,6,1962,1734,1,440,1
287,88000,8125,4,1971,858,0,0,1
288,122000,9819,5,1967,900,0,280,1
289,153575,8730,6,1915,1396,0,384,0
290,233230,15611,8,2006,1919,1,685,1
291,135900,5687,5,1912,1716,0,0,1
292,131000,11409,5,1949,1716,1,281,1
293,235000,16659,7,1977,2263,1,539,0
294,167000,9600,6,1953,1644,2,418,1
295,142500,7937,6,1984,1003,0,588,1
296,152000,13710,5,1950,1558,0,282,1
297,239000,7399,7,1997,1950,1,576,1
298,175000,11700,6,1968,1743,1,539,1
299,158500,14000,6,1950,1152,1,300,1
300,157000,15750,5,1953,1336,2,375,1
301,267000,16226,8,1998,2452,1,683,1
302,205000,13704,7,2001,1541,1,843,1
303,149900,9800,5,1972,894,0,552,1
304,295000,18386,7,1880,3493,1,870,1
305,305900,10386,8,2004,2000,0,888,1
306,225000,13474,7,1990,2243,1,746,0
307,89500,7920,6,1920,1406,0,0,0
308,82500,12342,4,1940,861,0,539,1
309,360000,12378,9,2003,1944,3,708,1
310,165600,7685,6,1993,1501,1,420,1
311,132000,8000,6,1948,972,1,240,1
312,119900,7800,5,1939,1118,1,410,0
313,375000,215245,7,1965,2036,2,513,1
314,178000,9600,7,1925,1641,1,546,1
315,188500,7795,7,2004,1432,1,432,1
316,260000,13005,7,1980,2353,1,484,1
317,270000,9000,8,2006,1959,1,1025,1
318,260000,9900,7,1993,2646,1,656,1
319,187500,14115,7,1980,1472,2,588,1
320,342643,16259,9,2006,2596,0,840,1
321,354000,12099,8,2004,2468,1,872,1
322,301000,10380,7,1986,2730,1,576,1
323,126175,5820,3,1955,1163,0,220,1
324,242000,11275,7,1967,2978,1,564,0
325,87000,5000,5,1941,803,0,360,0
326,324000,10846,8,1993,1719,2,473,1
327,145250,11600,6,1960,1383,0,292,1
328,214500,11888,6,1916,2134,0,441,0
329,78000,6402,5,1920,1192,0,189,1
330,119000,10624,5,1964,1728,0,352,1
331,139000,8176,5,1958,1056,0,308,1
332,284000,10655,8,2003,1629,1,880,1
333,207000,8198,7,2004,1358,1,484,1
334,192000,9042,6,1998,1638,2,472,1
335,228950,164660,5,1965,1786,2,529,1
336,377426,14157,9,2005,1922,1,676,1
337,214000,9135,7,2002,1536,0,532,1
338,202500,14145,7,1984,1621,0,440,1
339,155000,12400,6,1958,1215,0,297,0
340,202900,14191,8,2002,1908,0,431,1
341,82000,8400,4,1950,841,0,294,0
342,87500,8544,3,1949,1040,0,400,1
343,266000,8849,9,2005,1684,1,564,1
344,85000,2592,5,1976,1112,0,336,1
345,140200,6435,6,1939,1577,1,312,0
346,151500,12772,6,1960,958,0,301,1
347,157500,17600,6,1960,1478,2,498,1
348,154000,2448,7,2003,1626,0,474,1
349,437154,20431,9,2005,2728,2,706,1
350,318061,7820,9,2007,1869,1,617,1
351,190000,5271,7,1986,1453,1,445,1
352,95000,9084,5,1941,1111,0,200,0
353,105900,8520,6,1928,720,0,484,1
354,140000,8400,6,1940,1595,2,240,1
355,177500,11249,6,1995,1200,0,521,1
356,173000,9248,6,1992,1167,0,400,1
357,134000,4224,5,1976,1142,1,528,1
358,130000,6930,5,1958,1352,0,288,1
359,280000,12011,8,1998,1924,1,592,1
360,156000,7540,6,1978,912,1,470,1
361,145000,9144,5,1940,1505,0,240,1
362,198500,7301,7,2003,1922,1,672,1
363,118000,1680,6,1972,987,0,264,1
364,190000,18800,6,1976,1574,1,566,1
365,147000,10690,5,1920,1344,0,468,1
366,159000,9500,6,1963,1394,2,514,1
367,165000,9150,6,1962,1431,1,296,1
368,132000,7800,5,1954,1268,1,244,1
369,162000,9830,5,1959,1287,1,576,1
370,172400,8121,6,2000,1664,1,460,1
371,134432,17120,4,1959,1588,1,680,0
372,125000,7175,6,1984,752,0,264,1
373,123000,10634,5,1953,1319,0,270,1
374,219500,8200,7,2003,1928,1,434,1
375,61000,10020,1,1922,904,0,0,1
376,148000,8846,5,1996,914,0,576,1
377,340000,11143,8,2004,2466,1,610,1
378,394432,11394,9,2010,1856,1,834,1
379,179000,8123,6,2000,1800,1,463,0
380,127000,5000,5,1924,1691,1,308,1
381,187750,7200,7,2006,1301,1,572,1
382,213500,9245,7,2006,1797,0,639,1
383,76000,9000,6,1928,784,0,360,1
384,240000,53107,6,1992,1953,2,501,0
385,192000,3182,8,2004,1269,1,430,1
386,81000,8410,5,1910,1184,0,0,0
387,125000,7200,6,1976,1125,1,352,1
388,191000,9382,7,1999,1479,0,577,1
389,426000,12474,10,2007,2332,1,846,1
390,119000,8405,5,1900,1367,0,384,1
391,215000,12209,6,2001,1961,1,560,1
392,106500,8339,5,1959,882,0,294,1
393,100000,7446,4,1941,788,2,0,0
394,109000,10134,5,1940,1034,0,240,1
395,129000,9571,5,1956,1144,0,596,1
396,123000,7200,5,1972,894,0,600,1
397,169500,7590,5,1962,1812,1,264,0
398,67000,8967,5,1920,1077,0,338,1
399,241000,8125,7,2006,1550,0,438,1
400,245500,14963,8,1996,1288,2,500,1
401,164990,8767,7,2005,1310,1,400,1
402,108000,10200,5,1940,672,0,240,1
403,258000,12090,8,1998,2263,1,420,1
404,168000,10364,6,1995,1572,1,373,1
405,150000,9991,4,1976,1620,1,490,0
406,115000,10480,6,1936,1639,0,240,1
407,177000,15576,6,1915,1680,0,308,1
408,280000,14154,7,2006,2172,1,947,1
409,339750,10800,8,2007,2078,1,836,1
410,60000,9571,5,1958,1276,0,350,1
411,145000,34650,5,1955,1056,0,572,1
412,222000,4403,7,2009,1478,1,484,1
413,115000,8960,5,1927,1028,1,360,0
414,228000,11228,7,1993,2097,1,678,1
415,181134,8899,7,2007,1340,0,396,1
416,149500,7844,6,1978,1400,1,440,1
417,239000,22420,6,1918,2624,1,864,0
418,126000,8160,5,1940,1134,0,240,1
419,142000,8450,5,1968,1056,1,304,1
420,206300,7060,7,1997,1344,0,784,1
421,215000,16635,6,1977,1602,1,529,1
422,113000,21750,5,1954,988,0,520,0
423,315000,9200,8,1998,2630,1,696,1
424,139000,9000,6,1956,1196,1,297,1
425,135000,3378,7,1946,1389,2,240,1
426,275000,12800,7,1989,1644,1,569,1
427,109008,8593,4,1957,907,0,352,1
428,195400,6762,7,2007,1208,0,628,1
429,175000,11457,6,1988,1412,1,576,1
430,85400,1680,6,1971,987,0,264,1
431,79900,5586,6,1920,1198,0,0,0
432,122500,1920,5,1971,1365,0,440,1
433,181000,10839,6,1997,1604,1,470,1
434,81000,1890,4,1972,630,0,0,1
435,212000,10667,7,1996,1661,1,550,0
436,116000,4400,6,1920,1118,0,440,1
437,119000,6000,6,1926,904,0,180,1
438,90350,4280,5,1913,694,1,352,1
439,110000,12354,6,1920,1196,0,528,1
440,555000,15431,10,2008,2402,2,672,1
441,118000,12108,4,1955,1440,0,0,1
442,162900,6240,5,1930,1573,1,360,1
443,172500,3922,7,2006,1258,1,648,1
444,210000,8750,7,1994,1908,1,493,1
445,127500,9855,6,1956,1689,1,480,1
446,190000,16492,6,1966,1888,1,578,0
447,199900,11214,7,1998,1886,1,431,1
448,119500,8600,6,1937,1376,1,198,1
449,120000,6000,3,1948,1183,0,308,1
450,110000,5684,6,1930,813,0,270,1
451,280000,70761,7,1975,1533,2,576,1
452,204000,9303,6,1996,1756,0,422,1
453,210000,9000,8,2008,1590,0,676,1
454,188000,9297,5,1976,1728,0,560,1
455,175500,9600,7,1973,1242,1,528,1
456,98000,4571,5,1916,1344,0,513,1
457,256000,53227,4,1954,1663,2,529,1
458,161000,5100,8,1925,1666,1,228,1
459,110000,7015,5,1950,1203,1,352,1
460,263435,8004,8,2009,1935,0,552,0
461,155000,7200,7,1936,1135,0,576,0
462,62383,8281,5,1965,864,1,360,1
463,188700,11988,6,1934,1660,1,240,1
464,124000,8430,5,1978,1040,0,0,1
465,178740,3072,7,2004,1414,1,398,1
466,167000,10628,7,1970,1277,1,526,1
467,146500,9480,5,1942,1644,2,312,0
468,250000,11428,8,2006,1634,1,866,1
469,187000,9291,6,1993,1710,0,506,0
470,212000,6820,8,1985,1502,0,528,1
471,190000,11952,7,1977,1969,1,534,0
472,148000,3675,6,2005,1072,0,525,1
473,440000,14977,8,2006,1976,1,908,1
474,251000,5330,8,2000,1652,0,499,1
475,132500,8480,5,1963,970,0,624,1
476,208900,13125,6,1997,1493,1,508,1
477,380000,13693,9,2006,2643,1,694,1
478,297000,10637,8,2007,1718,1,826,1
479,89471,5925,4,1937,1131,0,672,1
480,326000,16033,9,2004,1850,1,772,1
481,374000,11846,9,2003,1792,1,874,1
482,155000,2500,7,1915,1826,1,164,1
483,164000,4500,6,1998,1216,0,402,1
484,132500,7758,5,1962,999,0,264,1
485,147000,9600,5,1950,1113,1,264,1
486,156000,10289,5,1965,1073,0,515,1
487,175000,12243,5,1971,1484,1,487,1
488,160000,10800,5,1900,2414,1,520,1
489,86000,1526,4,1970,630,0,286,1
490,115000,2665,5,1976,1304,1,336,1
491,133000,9490,6,1941,1578,2,240,0
492,172785,15578,6,2006,1456,0,429,1
493,155000,7931,5,1960,1269,1,308,1
494,91300,5784,5,1938,886,0,273,0
495,34900,7879,4,1920,720,0,0,1
496,430000,12692,8,1992,3228,1,546,1
497,184000,9120,7,1925,1820,0,240,1
498,130000,7800,5,1967,899,0,288,1
499,120000,7535,5,1958,912,0,297,1
500,113000,1890,6,1973,1218,0,264,1
501,226700,9803,7,2005,1768,0,603,1
502,140000,9170,5,1965,1214,0,461,0
503,289000,15602,7,1959,1801,2,484,1
504,147000,2308,6,1974,1322,1,440,1
505,124500,7596,5,1952,1960,0,400,0
506,215000,9554,8,1993,1911,1,471,1
507,208300,7862,6,2009,1218,0,676,1
508,161000,9600,7,1928,1378,1,360,1
509,124500,9600,5,1959,1041,0,270,1
510,164900,14559,5,1951,1363,2,288,1
511,202665,6792,7,2005,1368,1,474,1
512,129900,9100,5,1958,864,0,624,0
513,134000,9187,6,1983,1080,0,484,1
514,96500,10594,5,1926,789,0,200,1
515,402861,12220,10,2009,2020,1,900,1
516,158000,10448,6,1972,2119,1,583,1
517,265000,10208,7,1996,2344,1,889,1
518,211000,9531,6,1998,1796,0,546,1
519,234000,10918,7,1926,2080,2,282,1
520,106250,10800,4,1900,1294,0,0,1
521,150000,11988,6,1957,1244,2,336,0
522,159000,5000,6,1947,1664,2,420,0
523,184750,40094,10,2007,4676,1,884,1
524,315750,11787,7,1996,2398,1,834,1
525,176000,7500,7,2005,1266,1,453,1
526,132000,13300,5,1956,928,0,252,1
527,446261,14948,9,2008,2713,1,858,1
528,86000,9098,4,1920,605,0,0,1
529,200624,32668,6,1957,2515,2,484,1
530,175000,10200,6,1988,1509,1,600,1
531,128000,6155,6,1920,1362,0,502,0
532,107500,7200,5,1955,827,1,392,1
533,39300,5000,1,1946,334,0,0,1
534,178000,9056,8,2004,1414,1,403,1
535,107500,7000,5,1910,1347,0,0,1
536,188000,8924,7,1998,1724,0,527,1
537,111250,12735,4,1972,864,0,576,1
538,158000,11553,5,1968,1159,1,336,1
539,272000,11423,8,2001,1601,1,670,1
540,315000,14601,9,2006,1838,1,765,1
541,248000,11000,8,2000,2285,1,648,1
542,213250,10140,7,1998,1680,1,583,0
543,133000,4058,7,1998,767,0,367,1
544,179665,17104,7,2006,1496,1,426,1
545,229000,13837,7,1988,2183,0,786,1
546,210000,8737,6,1923,1635,1,440,1
547,129500,7244,5,1970,768,0,624,1
548,125000,8235,5,1955,825,0,720,0
549,263000,9375,7,2003,2094,1,615,1
550,140000,4043,6,1977,1069,0,440,1
551,112500,6000,5,1957,928,0,288,1
552,255500,11146,8,2006,1717,1,908,1
553,108000,8777,4,1949,1126,0,520,0
554,284000,10625,7,2003,2046,1,871,1
555,113000,6380,5,1922,1048,1,280,1
556,141000,14850,5,1957,1092,1,299,1
557,108000,11040,4,1920,1336,0,570,1
558,175000,21872,7,1996,1446,1,406,1
559,234000,3196,7,2003,1557,1,420,1
560,121500,11341,5,1957,1392,1,528,1
561,170000,10010,5,1974,1389,1,418,1
562,108000,13907,5,1940,996,1,0,1
563,185000,21780,6,1918,1674,1,396,1
564,268000,13346,7,1992,2295,1,590,1
565,128000,6858,6,1915,1647,0,216,1
566,325000,11198,9,2005,2504,1,656,1
567,214000,10171,7,2004,1535,0,532,1
568,316600,12327,8,1983,2132,1,612,1
569,135960,7032,5,1979,943,2,600,1
570,142600,13101,5,1965,1728,0,576,1
571,120000,7332,6,1959,864,0,288,1
572,224500,13159,7,2009,1692,0,650,1
573,170000,9967,7,2000,1430,1,400,1
574,139000,10500,5,1971,1109,0,288,1
575,118500,8480,5,1947,1216,0,336,1
576,145000,6292,7,1928,1477,1,216,1
577,164500,11777,5,1966,1320,2,564,1
578,146000,3604,7,2007,1392,0,540,1
579,131500,12150,5,1954,1795,0,352,1
580,181900,14585,6,1960,1429,2,572,1
581,253293,12704,8,2008,2042,1,1390,1
582,118500,11841,6,1990,816,0,0,1
583,325000,13500,10,1893,2775,1,880,0
584,133000,6120,4,1935,1573,0,240,1
585,369900,11443,8,2005,2028,2,880,1
586,130000,10267,6,1918,838,0,275,0
587,137000,8740,5,1982,860,0,528,1
588,143000,25095,5,1968,1473,2,452,1
589,79500,9100,5,1930,935,0,308,0
590,185900,8320,7,2004,1582,0,520,1
591,451950,13478,10,2008,2296,1,842,1
592,138000,6600,5,1982,816,0,816,1
593,140000,4435,6,2003,848,0,420,1
594,110000,7990,5,1975,924,0,280,1
595,319000,11302,8,2005,1826,1,758,1
596,114504,3600,6,1910,1368,0,216,1
597,194201,3922,7,2006,1402,1,648,1
598,217500,12984,5,1977,1647,1,621,1
599,151000,1950,6,1980,1556,1,452,1
600,275000,10927,8,2005,1904,1,736,1
601,141000,9000,6,1937,1375,1,544,1
602,220000,10041,8,1992,1915,1,506,1
603,151000,3182,7,2004,1200,0,480,1
604,221000,12803,7,2002,1494,1,530,1
605,205000,13600,7,1965,1986,3,486,1
606,152000,12464,5,1996,1040,0,576,1
607,225000,7800,5,1948,2008,0,230,1
608,359100,12168,8,1934,3194,2,380,1
609,118500,7943,4,1961,1029,0,261,0
610,313000,11050,9,2000,2153,2,736,0
611,148000,10395,6,1978,1032,1,564,1
612,261500,11885,8,2001,1872,1,531,1
613,147000,8402,5,2007,1120,0,0,0
614,75500,1491,4,1972,630,0,0,1
615,137500,8800,6,1963,1054,0,480,0
616,183200,7861,6,2002,1509,1,393,1
617,105500,7227,6,1954,832,0,528,0
618,314813,11694,9,2007,1828,1,774,1
619,305000,12244,8,2003,2262,2,749,1
620,67000,8248,3,1914,864,0,0,1
621,240000,10800,6,1974,2614,1,624,1
622,135000,7064,5,1977,980,0,484,1
623,168500,2117,6,2000,1512,1,440,1
624,165150,10400,6,1972,1790,1,484,1
625,160000,10000,6,1962,1116,0,440,1
626,139900,12342,5,1960,1422,1,286,1
627,153000,9600,6,1955,1520,2,364,1
628,135000,11606,5,1969,2080,2,504,1
629,168500,9020,6,1964,1350,0,520,0
630,124000,9000,5,1880,1750,0,240,0
631,209500,4590,8,2006,1554,1,627,1
632,82500,11900,7,1977,1411,1,544,1
633,139400,9250,5,1954,1056,0,260,1
634,144000,6979,6,1980,1056,0,576,1
635,200000,10896,6,1914,3395,0,0,0
636,60000,6120,2,1936,800,1,0,1
637,93000,6000,5,1954,1387,0,256,1
638,85000,8777,5,1910,796,0,0,0
639,264561,3982,8,2006,1567,1,648,1
640,274000,12677,8,2003,1518,1,588,1
641,226000,7050,7,2001,1929,1,650,1
642,345000,13860,8,1972,2704,3,538,1
643,152000,10793,5,1969,1620,0,462,0
644,370878,9187,9,2009,1766,1,478,1
645,143250,10530,6,1971,981,0,576,1
646,98300,7200,5,1950,1048,0,420,1
647,155000,10452,6,1953,1094,2,495,1
648,155000,7700,6,1966,1839,1,442,0
649,84500,1936,4,1970,630,0,0,1
650,205950,8125,7,2007,1665,0,562,1
651,108000,9084,4,1940,1510,1,296,0
652,191000,8750,7,1996,1716,1,512,1
653,135000,10320,6,1906,1469,0,216,1
654,350000,10437,8,1995,2113,1,839,1
655,88000,1680,6,1971,1092,0,264,1
656,145500,10007,5,1959,1053,0,312,1
657,149000,7200,7,1931,1502,1,270,1
658,97500,17503,6,1948,1458,1,330,0
659,167000,9937,5,1964,1486,0,480,1
660,197900,12384,7,1976,1935,1,550,1
661,402000,46589,8,1994,2448,1,711,1
662,110000,13560,6,1968,1392,2,576,1
663,137500,10012,4,1972,1181,0,588,1
664,423000,20896,8,2005,2097,1,1134,0
665,230500,11194,8,2000,1936,1,504,1
666,129000,18450,6,1965,2380,1,596,1
667,193500,8125,6,1994,1679,1,575,1
668,168000,14175,5,1956,1437,1,576,1
669,137500,11600,4,1922,1180,1,252,1
670,173500,8633,6,2005,1476,0,540,1
671,103600,6629,6,1925,1369,0,300,0
672,165000,11250,6,1977,1208,1,546,1
673,257500,14442,6,1957,1839,2,416,1
674,140000,9200,6,1965,1136,1,384,1
675,148500,2289,6,1978,1441,1,440,1
676,87000,9600,4,1900,1774,0,779,1
677,109500,9022,5,1924,792,0,240,1
678,372500,11844,8,2008,2046,1,834,1
679,128500,9945,5,1961,988,0,572,1
680,143000,8012,6,1980,923,1,264,1
681,159434,4500,5,1932,1520,0,281,1
682,173000,2887,6,1996,1291,1,431,1
683,285000,11248,9,2002,1668,1,702,1
684,221000,16770,7,1998,1839,0,486,1
685,207500,5062,7,1984,2090,1,577,1
686,227875,10207,7,2007,1761,0,578,1
687,148800,5105,7,2004,1102,0,480,1
688,392000,8089,8,2007,1419,1,567,1
689,194700,7577,6,2005,1362,1,460,1
690,141000,4426,6,2004,848,1,420,1
691,755000,21535,10,1994,4316,2,832,1
692,335000,26178,7,1989,2519,2,628,1
693,108480,5400,5,1921,1073,0,326,1
694,141500,6120,5,1936,1539,0,576,1
695,176000,13811,6,1987,1137,1,551,1
696,89000,6000,5,1921,616,0,205,1
697,123500,6420,5,1952,1148,0,308,1
698,138500,8450,5,1965,894,1,336,0
699,196000,4282,7,2004,1391,0,530,1
700,312500,14331,8,2002,1800,1,765,1
701,140000,9600,7,1969,1164,0,528,1
702,361919,12438,8,2006,2576,1,666,1
703,140000,7630,5,1900,1812,1,672,0
704,213000,8400,7,2004,1484,0,606,1
705,55000,5600,4,1930,1092,0,0,1
706,302000,115149,7,1971,1824,2,739,1
707,254000,6240,8,2006,1324,1,550,1
708,179540,9018,7,2007,1456,1,400,1
709,109900,7162,5,1966,904,0,408,1
710,52000,4130,3,1935,729,0,0,1
711,102776,8712,4,1900,1178,0,384,1
712,189000,4671,8,1988,1228,1,472,1
713,129000,9873,4,1970,960,0,576,0
714,130500,13517,6,1976,1479,0,475,0
715,165000,10140,6,1974,1350,1,478,1
716,159500,10800,7,1890,2554,0,704,1
717,157000,10000,5,1973,1178,1,439,1
718,341000,10542,7,1993,2418,1,983,1
719,128500,9920,5,1969,971,1,300,1
720,275000,6563,8,1985,1742,1,564,1
721,143000,4426,6,2004,848,0,420,1
722,124500,8120,4,1970,864,0,463,1
723,135000,8172,4,1954,1470,0,548,1
724,320000,13286,9,2007,1698,1,768,1
725,120500,6960,4,1970,864,0,660,1
726,222000,21695,6,1988,1680,1,540,1
727,194500,7314,7,2007,1232,0,632,1
728,110000,11475,5,1958,1776,0,888,1
729,103000,6240,4,1925,1208,0,539,1
730,236500,5389,8,1995,1616,1,608,1
731,187500,9590,7,2003,1146,1,438,1
732,222500,11404,7,1998,2031,1,541,1
733,131400,10000,5,1961,1144,1,264,0
734,108000,8978,5,1968,948,0,300,1
735,163000,10800,7,1914,1768,2,320,1
736,93500,8544,3,1950,1040,0,400,1
737,239900,10463,8,2005,1801,1,800,1
738,179000,10800,5,1987,1200,0,0,1
739,190000,9313,7,2004,1728,0,572,1
740,132000,9600,5,1910,1432,0,360,1
741,142000,6768,6,1961,912,0,288,0
742,179000,8450,7,2000,1349,0,539,1
743,175000,12886,5,1963,1464,1,480,1
744,180000,5395,8,1993,1337,1,462,1
745,299800,8963,8,1976,2715,2,831,1
746,236000,8795,7,2000,2256,1,554,1
747,265979,11700,7,1880,2640,1,864,1
748,260400,10593,7,1996,1720,1,527,1
749,98000,8405,4,1945,1529,0,240,1
750,96500,8800,4,1910,1140,0,0,1
751,162000,7750,7,2003,1320,0,400,0
752,217000,9236,6,1997,1494,0,576,1
753,275500,10240,8,2005,2098,1,878,1
754,156000,7930,6,1969,1026,0,440,1
755,172500,3230,6,1999,1471,0,440,1
756,212000,10769,8,2007,1768,0,578,1
757,158900,11616,6,1978,1386,1,440,1
758,179400,2280,7,1999,1501,0,440,1
759,290000,12257,8,1995,2531,1,752,1
760,127500,9100,6,1959,864,0,300,1
761,100000,6911,5,1924,1301,0,440,0
762,215200,8640,7,2009,1547,0,614,1
763,337000,9430,8,1999,2365,1,856,1
764,270000,9549,8,1995,1494,1,481,1
765,264132,14587,9,2008,1506,1,592,1
766,196500,10421,7,1988,1714,1,496,1
767,160000,12508,6,1940,1750,0,423,1
768,216837,9100,7,2004,1836,1,484,1
769,538000,53504,8,2003,3279,1,841,1
770,134900,7252,5,1982,858,0,576,1
771,102000,8877,4,1951,1220,0,396,1
772,107000,7819,6,1976,1117,1,672,1
773,114500,10150,5,1958,912,0,275,0
774,395000,14226,8,2006,1973,1,895,1
775,162000,4500,6,1998,1204,0,412,1
776,221500,11210,7,2005,1614,0,865,1
777,142500,13350,5,1974,894,1,440,1
778,144000,8400,5,1977,2020,2,630,0
779,135000,10530,6,1977,1004,0,504,1
780,176000,7875,7,1995,1253,1,402,1
781,175900,7153,6,1992,1603,0,484,1
782,187100,16285,7,2001,1430,0,605,1
783,165500,9101,5,1978,1110,1,602,1
784,128000,6300,6,1914,1484,1,0,1
785,161500,9790,6,1967,1342,1,457,0
786,139000,10800,5,1915,1652,0,416,0
787,233000,10142,7,2004,2084,0,618,1
788,107900,6000,4,1954,901,0,281,1
789,187500,12205,6,1966,2087,0,444,1
790,160200,3182,7,2005,1145,1,397,1
791,146800,11333,6,1976,1062,2,539,1
792,269790,9920,7,1996,2013,1,455,1
793,225000,9158,8,2007,1496,0,474,1
794,194500,10832,7,1994,1895,1,409,1
795,171000,8400,6,1980,1564,1,476,1
796,143500,8197,6,1977,1285,1,528,1
797,110000,7677,5,1953,773,0,240,1
798,485000,13518,9,2008,3140,2,820,1
799,175000,7200,5,1937,1768,2,240,0
800,200000,12798,6,1997,1688,0,603,0
801,109900,4800,4,1916,1196,0,440,1
802,189000,8199,7,2005,1456,1,410,1
803,582933,13891,9,2008,2822,1,1020,1
804,118000,9000,5,1954,1128,0,286,1
805,227680,12274,7,2008,1428,0,554,1
806,135500,9750,5,1967,980,0,384,1
807,223500,21384,5,1923,1576,1,528,1
808,159950,13400,5,1966,1086,1,484,1
809,106000,8100,5,1898,2138,0,360,1
810,181000,10140,6,1974,1309,1,484,1
811,144500,4438,6,2004,848,1,420,1
812,55993,8712,5,1952,1044,0,504,1
813,157900,9750,6,1958,1442,0,301,1
814,116000,8248,5,1918,1250,0,280,1
815,224900,12137,7,1998,1661,0,598,1
816,137000,11425,5,1954,1008,1,275,1
817,271000,13265,8,2002,1689,2,857,1
818,155000,8816,6,1971,1052,0,440,1
819,224000,6371,7,2009,1358,1,484,1
820,183000,7226,7,2003,1640,0,595,1
821,93000,6000,4,1953,936,0,576,1
822,225000,12394,7,2003,1733,1,433,1
823,139500,9900,6,1940,1489,1,240,1
824,232600,11216,8,2006,1489,1,776,1
825,385000,14803,10,2007,2084,1,1220,1
826,109500,6130,5,1924,784,0,0,1
827,189000,8529,7,2001,1434,1,527,1
828,185000,28698,5,1967,2126,0,538,1
829,147400,2544,7,2005,1223,0,480,1
830,166000,11900,6,1957,1392,2,458,1
831,151000,3180,7,2005,1200,0,480,1
832,237000,9548,7,2003,1829,1,613,1
833,167000,10004,6,1964,1516,0,472,1
834,139950,7875,5,1961,1144,0,456,1
835,128000,9600,4,1950,1067,0,436,1
836,153500,8100,5,1948,1559,0,812,1
837,100000,1680,6,1973,987,0,264,1
838,144000,9525,5,1995,1099,0,352,1
839,130500,11767,5,1946,1200,0,240,1
840,140000,12155,6,1925,1482,0,400,1
841,157500,10440,5,1904,1539,1,686,1
842,174900,9020,6,1966,1165,0,490,1
843,141000,8000,5,1961,1800,0,0,0
844,153900,12665,5,1915,1416,1,720,0
845,171000,16647,5,1975,1701,2,611,0
846,213000,9317,7,1993,1775,1,425,1
847,133500,15523,5,1972,864,1,338,1
848,240000,45600,6,1908,2358,1,360,1
849,187000,9600,6,1976,1855,1,512,0
850,131500,4435,6,2003,848,0,420,1
851,215000,3196,8,2003,1456,1,400,1
852,164000,7128,7,1941,1646,2,240,1
853,158000,12095,6,1964,1445,1,645,1
854,170000,17920,5,1955,1779,1,454,1
855,127000,6897,5,1962,1040,0,260,1
856,147000,10970,6,1978,1026,0,576,1
857,174000,8125,6,1994,1481,1,343,1
858,152000,10400,7,1976,1370,1,479,1
859,250000,11029,6,1968,2654,1,619,0
860,189950,7642,7,1918,1426,1,216,1
861,131500,11625,5,1965,1039,0,504,1
862,152000,9672,6,1984,1097,0,480,1
863,132500,7931,5,1959,1148,0,672,1
864,250580,8640,7,2007,1372,0,529,1
865,148500,8750,5,1970,1002,0,902,1
866,248900,10656,8,2006,1646,1,870,1
867,129000,6970,4,1961,1120,0,544,0
868,169000,14762,5,1948,2320,1,672,0
869,236000,9938,7,1993,1949,1,574,1
870,109500,6600,5,1962,894,0,308,0
871,200500,8750,6,1998,1682,0,523,1
872,116000,8892,5,1953,910,0,414,1
873,133000,12144,5,1949,1268,1,288,1
874,66500,5720,5,1941,1131,0,200,0
875,303477,9000,8,2007,2610,1,550,1
876,132250,25286,4,1963,1040,0,648,1
877,350000,8834,9,2004,2224,1,738,1
878,148000,11782,5,1961,1155,0,576,1
879,136500,7000,5,1978,864,0,336,1
880,157000,7024,5,2005,1090,0,450,1
881,187500,13758,7,1990,1717,1,400,1
882,178000,9636,6,1992,1593,1,389,1
883,118500,6204,4,1912,2230,0,440,1
884,100000,7150,5,1967,892,0,288,1
885,328900,5119,9,1999,1709,1,506,1
886,145000,8393,5,1959,1712,0,588,1
887,135500,16466,5,1955,1393,0,300,1
888,268000,15865,8,1970,2217,1,621,1
889,149500,12160,6,1953,1505,1,505,0
890,122900,8064,5,1949,924,1,576,0
891,172500,11184,6,1978,1683,1,440,1
892,154500,8414,6,1963,1068,0,264,1
893,165000,13284,5,1954,1383,1,354,0
894,118858,7018,5,1979,1535,0,400,1
895,140000,7056,6,1963,1796,1,483,1
896,106500,8765,4,1936,951,0,327,1
897,142953,7018,5,1979,2240,0,528,0
898,611657,12919,9,2009,2364,2,820,1
899,135000,6993,5,1961,1236,1,288,0
900,110000,7340,4,1971,858,0,684,1
901,153000,8712,5,1957,1306,0,756,1
902,180000,7875,7,2003,1509,1,393,1
903,240000,14859,7,2006,1670,1,690,1
904,125500,6173,5,1967,902,0,288,1
905,128000,9920,5,1954,1063,0,280,1
906,255000,13501,8,2006,1636,1,865,1
907,250000,11500,7,1936,2057,1,180,1
908,131000,8885,5,1983,902,0,484,1
909,174000,12589,6,2005,1484,1,390,1
910,154300,11600,5,1960,2274,0,480,0
911,143500,9286,5,1977,1268,0,252,1
912,88000,6120,5,1925,1015,0,450,1
913,145000,6270,5,1949,2002,0,871,1
914,173733,3000,6,2009,1224,0,528,1
915,75000,2001,4,1970,1092,0,286,1
916,35311,9000,2,1949,480,0,308,1
917,135000,17140,4,1956,1229,0,284,1
918,238000,13125,7,1991,2127,1,833,1
919,176500,11029,6,1958,1414,1,601,1
920,201000,8462,6,1994,1721,0,471,1
921,145900,8777,5,1900,2200,0,0,0
922,169990,10237,6,2005,1316,1,397,0
923,193000,8012,6,1993,1617,1,533,1
924,207500,10240,6,1980,1686,1,612,1
925,175000,15611,5,1977,1126,0,540,1
926,285000,11999,8,2003,2374,1,656,1
927,176000,9900,7,1968,1978,1,486,0
928,236500,11838,8,2001,1788,1,522,1
929,222000,13006,7,1997,2236,1,642,1
930,201000,8925,8,2007,1466,0,610,1
931,117500,9100,5,1965,925,0,429,1
932,320000,11670,9,2006,1905,1,788,0
933,190000,8487,7,2004,1500,0,570,1
934,242000,27650,7,1960,2069,1,505,0
935,79900,5825,4,1926,747,0,528,1
936,184900,10083,7,2003,1200,0,555,1
937,253000,9675,7,2005,1971,1,689,1
938,239799,8760,7,2006,1962,0,868,1
939,244400,24090,7,1940,2403,2,349,1
940,150900,12640,6,1976,1728,0,574,1
941,214000,8755,7,1999,2060,1,390,0
942,150000,7711,4,1977,1440,0,0,1
943,143000,25000,5,1967,1632,0,576,1
944,137500,14375,6,1958,1344,1,525,1
945,124900,8820,5,1890,1869,0,456,1
946,143000,8163,5,1959,1144,1,796,1
947,270000,14536,8,2002,1629,1,808,1
948,192500,14006,7,2002,1776,1,474,1
949,197500,9360,6,1972,1381,1,676,1
950,129000,7200,5,1950,864,0,720,1
951,119900,7800,5,1965,965,0,300,1
952,133900,7200,5,1972,768,0,396,1
953,172000,11075,5,1969,1968,1,530,1
954,127500,9400,6,1975,980,0,0,1
955,145000,7136,6,1946,1958,0,492,1
956,124000,1300,6,1980,1229,1,462,1
957,132000,7420,5,1962,1057,0,576,1
958,185000,8450,7,2003,1337,0,531,1
959,155000,2572,7,1999,1416,0,484,1
960,116500,7207,5,1958,858,0,0,1
961,272000,12227,6,1977,2872,1,619,0
962,155000,2308,6,1976,1548,1,440,1
963,239000,11923,9,2007,1800,0,702,1
964,214900,11316,7,2002,1894,1,510,1
965,178900,10237,6,2005,1484,1,393,0
966,160000,9600,5,1940,1308,2,256,1
967,135000,7390,5,1955,1098,0,260,1
968,37900,5925,3,1910,968,0,0,1
969,140000,10382,6,1958,1095,0,264,1
970,135000,10800,4,1949,1192,0,0,1
971,173000,2268,7,2003,1626,0,474,1
972,99500,7892,6,1979,918,1,264,1
973,182000,11639,7,2007,1428,0,480,1
974,167500,11414,7,1910,2019,0,532,0
975,165000,2651,7,2000,1382,0,490,1
976,85500,5900,4,1923,869,0,0,1
977,199900,4274,7,2006,1241,0,569,1
978,110000,9450,4,1954,894,0,400,1
979,139000,8816,5,1963,1121,0,480,0
980,178400,12122,7,1961,999,0,588,1
981,336000,12203,8,1998,2612,1,676,1
982,159895,3182,7,2007,1266,1,388,1
983,255900,11250,8,2002,2290,1,779,1
984,126000,10125,5,1977,1734,0,539,1
985,125000,10880,5,1950,1164,0,240,1
986,117000,5310,6,1910,1635,0,255,0
987,395192,10159,9,2009,1940,1,606,1
988,195000,12046,6,1976,2030,1,551,1
989,197000,8125,7,2006,1576,0,614,1
990,348000,9452,8,1997,2392,1,870,1
991,168000,17671,8,1882,1742,1,424,0
992,187000,9760,6,1964,1851,1,440,1
993,173900,8846,6,2005,1500,0,564,1
994,337500,12456,10,2006,1718,1,786,1
995,121600,4712,4,1946,1230,0,305,0
996,136500,10659,5,1961,1050,0,368,1
997,185000,11717,6,1970,1442,1,615,0
998,91000,9786,3,1922,1077,1,210,1
999,206000,6762,7,2006,1208,0,632,1
1000,82000,10206,3,1952,944,0,528,1
1001,86000,5400,5,1920,691,0,216,1
1002,232000,11957,8,2006,1574,1,824,0
1003,136905,11500,5,1976,1680,0,528,0
1004,181000,3182,7,2005,1504,1,457,1
1005,149900,8385,5,1977,985,0,328,1
1006,163500,12155,6,1970,1657,1,484,0
1007,88000,2217,4,1970,1092,0,286,1
1008,240000,12118,7,2004,1710,1,550,1
1009,102000,6000,5,1926,1522,0,0,1
1010,135000,21286,5,1948,1271,1,312,1
1011,100000,9825,5,1965,1664,0,0,1
1012,165000,10592,6,1923,1502,2,180,1
1013,85000,7200,5,1910,1022,0,280,1
1014,119200,11664,6,1948,1082,1,240,0
1015,227000,8400,8,2001,1665,0,528,1
1016,203000,11883,7,1996,1504,1,478,1
1017,187500,5814,8,1984,1360,1,565,1
1018,160000,10784,7,1991,1472,1,402,1
1019,213490,3013,7,2005,1506,1,440,1
1020,176000,7024,4,2005,1132,0,451,1
1021,194000,7406,7,2006,1220,0,632,1
1022,87000,9439,5,1930,1248,0,160,1
1023,191000,3182,7,2005,1504,1,437,1
1024,287000,15498,8,1976,2898,1,665,1
1025,112500,7700,5,1972,882,0,461,1
1026,167500,9300,5,1960,1264,2,461,0
1027,293077,9520,8,2007,1646,1,800,1
1028,105000,9492,5,1941,1376,1,240,0
1029,118000,1680,6,1972,1218,0,264,1
1030,160000,7082,5,1916,1928,0,0,1
1031,197000,15863,7,1920,3082,2,672,1
1032,310000,14541,8,1993,2520,1,796,1
1033,230000,8125,7,2002,1654,0,900,1
1034,119750,6305,5,1938,954,1,240,1
1035,84000,11500,4,1957,845,0,290,1
1036,315500,12898,9,2007,1620,1,912,1
1037,287000,9240,8,2001,2263,1,905,1
1038,97000,1533,4,1970,1344,1,0,1
1039,80000,1477,4,1970,630,0,286,1
1040,155000,13125,5,1957,1803,1,484,1
1041,173000,9130,6,1966,1632,0,484,0
1042,196000,5381,6,2005,1306,1,624,1
1043,262280,11839,7,1990,2329,1,514,1
1044,278000,9600,8,1981,2524,1,542,0
1045,139600,13680,3,1955,1733,1,452,1
1046,556581,16056,9,2005,2868,1,716,1
1047,145000,9245,5,1994,990,0,672,1
1048,115000,21750,5,1960,1771,1,336,1
1049,84900,11100,4,1946,930,0,308,1
1050,176485,8993,7,2007,1302,0,436,1
1051,200141,11175,7,2007,1316,1,440,1
1052,165000,9500,6,1964,1977,1,540,0
1053,144500,8562,5,1957,1526,1,364,1
1054,255000,11367,8,2002,1989,1,586,1
1055,180000,11361,6,1976,1523,1,478,1
1056,185850,7052,7,2005,1364,1,484,1
1057,248000,29959,7,1994,1850,1,467,1
1058,335000,11308,9,2008,2184,1,836,1
1059,220000,11275,6,1932,1991,1,432,1
1060,213500,4920,8,2001,1338,0,582,1
1061,81000,18000,3,1935,894,0,1248,1
1062,90000,13600,5,1900,2337,0,560,1
1063,110500,6000,6,1925,1103,1,440,0
1064,154000,11000,5,1966,1154,1,480,1
1065,328000,14000,7,1996,2260,0,533,1
1066,178000,7837,6,1993,1571,1,380,1
1067,167900,9760,6,1964,1611,0,442,1
1068,151400,3964,6,1973,2521,1,576,1
1069,135000,9600,5,1949,893,0,576,1
1070,135000,10152,5,1956,1048,0,286,1
1071,154000,11700,6,1968,1556,0,441,0
1072,91500,7585,5,1948,1456,1,280,0
1073,159500,7950,6,1977,1426,0,440,1
1074,194000,8556,7,2006,1240,0,826,1
1075,219500,13125,7,1940,1740,2,240,1
1076,170000,10800,5,1936,1466,1,566,1
1077,138800,15870,5,1969,1096,0,299,1
1078,155900,4435,6,2004,848,1,420,1
1079,126000,8775,5,1994,990,0,299,1
1080,145000,11040,6,1971,1258,0,528,1
1081,133000,7500,5,1963,1040,0,308,0
1082,192000,8749,7,2002,1459,1,527,1
1083,160000,8800,6,1964,1251,2,461,1
1084,187500,13031,6,1995,1498,1,409,1
1085,147000,9069,6,1992,996,0,564,1
1086,83500,1974,4,1973,1092,0,286,1
1087,252000,10574,8,2005,1953,1,1043,1
1088,137500,2522,7,2004,1709,0,380,1
1089,197000,3316,8,2005,1247,1,550,1
1090,92900,8544,3,1950,1040,0,400,1
1091,160000,2160,7,1999,1252,0,462,1
1092,136500,8400,6,1925,1694,1,576,1
1093,146000,9230,5,1965,1200,0,884,0
1094,129000,5868,5,1956,936,0,308,1
1095,176432,9317,6,2006,1314,1,440,1
1096,127000,6882,6,1914,1355,0,0,1
1097,170000,3696,8,1986,1088,0,461,1
1098,128000,6000,4,1936,1324,0,240,1
1099,157000,11880,7,1978,1601,1,478,0
1100,60000,8400,2,1920,438,0,246,1
1101,119500,9758,5,1971,950,0,280,1
1102,135000,7000,5,1960,1134,0,254,1
1103,159500,8910,6,1959,1194,1,539,1
1104,106000,2016,5,1970,1302,0,440,1
1105,325000,12256,8,1994,2622,2,712,1
1106,179900,10357,7,1990,1442,1,719,0
1107,274725,23257,7,2006,2021,1,422,1
1108,181000,8063,6,2000,1690,1,463,1
1109,280000,11362,8,2004,1836,1,862,1
1110,188000,8000,6,1995,1658,1,431,1
1111,205000,10480,7,1976,1964,1,483,1
1112,129900,7100,5,1957,816,0,308,1
1113,134500,8923,5,1953,1008,0,240,1
1114,117000,5400,5,1954,833,0,326,1
1115,318000,12085,8,2007,1734,1,928,1
1116,184100,7750,8,2002,1419,1,527,1
1117,130000,9764,5,1967,894,0,450,0
1118,140000,13825,5,1958,1601,0,300,1
1119,133700,7560,5,1959,1040,0,286,1
1120,118400,8263,6,1920,1012,1,308,1
1121,212900,10084,7,2005,1552,0,782,1
1122,112000,8926,4,1956,960,0,288,1
1123,118000,9405,5,1947,698,0,0,1
1124,163900,9125,7,1992,1482,1,392,1
1125,115000,10434,4,1955,1005,1,672,1
1126,174000,3684,7,2007,1555,1,660,1
1127,259000,14572,7,2004,1530,1,630,1
1128,215000,11796,7,2004,1959,1,434,1
1129,140000,7200,5,1980,936,0,672,1
1130,135000,7804,4,1928,1981,2,576,1
1131,93500,10712,5,1991,974,0,0,1
1132,117500,9900,6,1880,2210,0,205,1
1133,239500,9828,8,1995,2020,1,466,1
1134,169000,8773,6,1997,1600,1,460,1
1135,102000,6180,6,1926,986,1,180,1
1136,119000,9600,6,1950,1252,0,288,1
1137,94000,6342,5,1875,1020,0,0,0
1138,196000,9819,6,1977,1567,2,714,1
1139,144000,8731,5,1920,1167,1,495,1
1140,139000,7350,5,1951,952,0,840,1
1141,197500,10304,5,1976,1868,1,484,0
1142,424870,9965,8,2006,2828,1,1052,1
1143,80000,9000,5,1959,1006,0,0,1
1144,80000,12180,4,1941,924,0,280,1
1145,149000,6240,5,1928,1576,1,225,1
1146,180000,11200,6,1985,1298,1,403,1
1147,174500,12000,7,1941,1564,1,234,1
1148,116900,5700,7,1926,1111,1,288,1
1149,143000,9000,7,1920,1482,0,324,0
1150,124000,8280,6,1950,932,1,306,1
1151,149900,17755,5,1959,1466,2,528,1
1152,230000,14115,6,1956,1811,1,470,1
1153,120500,5890,6,1930,816,0,432,1
1154,201800,13700,7,1965,1820,2,492,1
1155,218000,10768,5,1976,1437,1,528,1
1156,179900,9350,5,1965,1265,1,502,1
1157,230000,5001,7,2007,1314,1,626,1
1158,235128,11932,8,2007,1580,0,830,0
1159,185000,9120,6,1974,1876,1,540,1
1160,146000,2280,6,1978,1456,1,440,1
1161,224000,14778,6,1954,1640,1,924,0
1162,129000,8724,5,1968,894,1,450,1
1163,108959,12900,4,1969,1258,0,400,0
1164,194000,16157,5,1978,1432,1,588,0
1165,233170,9541,7,2009,1502,0,644,1
1166,245350,10475,8,2008,1694,0,776,1
1167,173000,10852,6,2000,1671,1,472,0
1168,235000,13728,6,1935,2108,2,540,1
1169,625000,35760,10,1995,3627,1,807,1
1170,171000,9880,6,1977,1118,1,358,1
1171,163000,9120,6,1958,1261,1,433,1
1172,171900,4017,7,2006,1250,0,625,1
1173,200500,18030,5,1946,3086,1,0,1
1174,239000,16560,6,1932,2345,1,360,1
1175,285000,10678,8,1992,2872,1,541,1
1176,119500,6951,5,1984,923,0,264,1
1177,115000,3950,6,1926,1224,0,210,0
1178,154900,7681,5,1921,1343,1,186,1
1179,93000,8335,5,1954,1124,1,0,1
1180,250000,11170,7,1990,2514,0,693,1
1181,392500,5587,8,2008,1652,1,482,1
1182,745000,15623,10,1996,4476,2,813,1
1183,120000,10800,5,1920,1130,1,720,1
1184,186700,35133,5,1963,1572,2,995,1
1185,104900,9738,5,1924,1221,0,392,1
1186,95000,10615,3,1900,1699,0,420,1
1187,262000,12461,8,1994,1624,1,757,1
1188,195000,8935,7,2002,1660,0,493,1
1189,189000,7500,7,1999,1804,1,442,1
1190,168000,32463,4,1961,1622,1,1356,1
1191,174000,2645,8,1999,1441,0,492,1
1192,125000,9600,5,1925,1472,0,250,1
1193,165000,4500,6,1999,1224,0,402,1
1194,158000,9364,6,1969,1352,0,299,1
1195,176000,8029,6,2005,1456,0,400,1
1196,219210,14054,7,2006,1863,1,660,1
1197,144000,8850,7,1916,1690,1,225,1
1198,178000,9100,7,2001,1212,0,573,1
1199,148000,11235,4,1963,1382,1,459,1
1200,116050,9353,4,1970,864,0,280,1
1201,197900,10400,7,1998,1779,0,546,1
1202,117000,6000,5,1925,1348,1,216,1
1203,213000,9750,7,2000,1630,1,451,1
1204,153500,10140,5,1975,1074,0,495,1
1205,271900,14684,7,1990,2196,1,701,1
1206,107000,8900,4,1966,1056,0,384,1
1207,200000,9135,6,2003,1700,0,544,1
1208,140000,7763,5,1962,1283,0,506,1
1209,290000,10182,8,2006,1660,1,500,0
1210,189000,11218,6,1992,1845,1,462,1
1211,164000,12134,8,1988,1752,0,492,1
1212,113000,9340,4,1941,672,0,234,1
1213,145000,10246,4,1965,960,0,364,1
1214,134500,10205,5,1962,999,0,300,1
1215,125000,7094,5,1966,894,0,384,1
1216,112000,8930,6,1978,1902,0,539,0
1217,229456,8640,8,2009,1314,0,552,1
1218,80500,6240,4,1947,912,0,0,1
1219,91500,1680,6,1971,1218,0,0,1
1220,115000,7800,5,1964,912,0,288,1
1221,134000,8250,5,1968,1211,1,322,0
1222,143000,10496,6,1949,1846,1,315,0
1223,137900,10680,5,1951,2136,0,528,1
1224,184000,15384,7,2004,1490,1,388,0
1225,145000,10482,6,1958,1138,0,264,1
1226,214000,14598,6,2007,1933,1,668,0
1227,147000,8872,5,1965,912,0,576,1
1228,367294,8769,9,2008,1702,1,1052,1
1229,127000,7910,5,1960,1507,0,404,1
1230,190000,18890,5,1977,2620,1,600,0
1231,132500,7728,5,1962,1190,0,540,1
1232,101800,9842,4,1962,1224,0,462,1
1233,142000,12160,5,1959,1188,0,531,1
1234,130000,8525,5,1911,1964,0,0,1
1235,138887,13132,5,1914,1784,0,180,1
1236,175500,2628,7,2003,1626,0,474,1
1237,195000,12393,7,2004,1948,1,434,1
1238,142500,13072,6,2005,1141,0,484,0
1239,265900,9037,8,2006,1484,1,472,1
1240,224900,8158,7,2003,1768,0,543,1
1241,248328,9849,7,2007,1689,0,954,1
1242,170000,10625,7,1974,1173,2,528,1
1243,465000,13891,10,2006,2076,1,850,1
1244,230000,11435,8,1929,1517,2,400,1
1245,178000,12090,6,1984,1868,1,477,1
1246,186500,8125,7,2005,1553,0,615,1
1247,169900,12328,6,1976,1034,0,888,1
1248,129500,9600,6,1917,2058,1,396,1
1249,119000,7200,5,1950,988,0,276,1
1250,244000,11160,7,1968,2110,2,522,1
1251,171750,3136,7,2003,1405,1,478,1
1252,130000,9858,5,1968,874,0,288,1
1253,294000,17542,7,1974,2167,2,518,1
1254,165400,6931,7,2003,1656,1,397,1
1255,127500,6240,6,1931,1367,1,560,1
1256,301500,14303,8,1994,1987,1,691,1
1257,99900,4060,5,1922,864,0,0,0
1258,190000,9587,7,2005,1166,0,400,1
1259,151000,9750,6,1969,1054,0,460,1
1260,181000,24682,6,1999,1675,1,502,0
1261,128900,9600,5,1956,1050,0,338,1
1262,161500,11250,4,1957,1788,2,304,1
1263,180500,13515,6,1919,1824,1,520,1
1264,181000,4060,6,1998,1337,0,511,1
1265,183900,3735,7,1999,1452,0,506,1
1266,122000,10120,7,1910,1889,1,308,0
1267,378500,13214,9,2008,2018,1,746,1
1268,381000,14100,8,1935,3447,2,1014,1
1269,144000,11344,5,1958,1524,0,315,0
1270,260000,23595,7,1979,1524,1,586,1
1271,185750,9156,6,1968,1489,1,462,0
1272,137000,13526,5,1965,935,0,288,1
1273,177000,11512,6,1959,1357,1,312,1
1274,139000,5362,5,1910,1250,1,552,1
1275,137000,11345,5,1948,1920,0,400,0
1276,162000,12936,6,1972,1395,1,497,1
1277,197900,17871,6,1967,1724,1,480,1
1278,237000,9473,8,2002,2031,1,577,1
1279,68400,7500,4,1920,1128,0,528,1
1280,227000,9808,7,2002,1573,0,544,1
1281,180000,8049,7,1990,1339,1,484,1
1282,150500,8800,5,1977,1040,0,484,1
1283,139000,9400,6,1971,1824,0,0,1
1284,169000,9638,6,1919,2447,1,336,0
1285,132500,6000,6,1939,1412,1,280,1
1286,143000,9790,6,1963,1328,2,528,0
1287,190000,36500,5,1964,1582,0,390,1
1288,278000,5664,8,2000,1659,1,499,1
1289,281000,11065,8,2006,1970,1,753,1
1290,180500,14112,5,1964,1152,1,484,1
1291,119500,1680,5,1972,1302,0,264,1
1292,107500,6600,5,1892,2372,0,432,1
1293,162900,10140,7,1976,1664,1,528,1
1294,115000,8172,5,1955,864,0,572,1
1295,138500,8400,5,1968,1052,0,288,0
1296,155000,8700,5,1963,1128,0,525,1
1297,140000,3675,6,2005,1072,0,525,1
1298,160000,63887,10,2008,5642,3,1418,0
1299,154000,7500,5,1959,1246,0,305,1
1300,225000,10762,7,1999,1983,1,490,1
1301,177500,7500,6,1942,1494,2,213,1
1302,290000,10120,8,1994,2526,1,844,1
1303,232000,8688,7,2005,1616,0,834,1
1304,130000,3363,7,2004,1708,0,380,1
1305,325000,13173,9,2006,1652,2,840,1
1306,202500,6955,7,2005,1368,1,474,1
1307,138000,8072,5,1994,990,0,480,1
1308,147000,12000,5,1948,1122,0,528,1
1309,179200,7153,6,1991,1294,0,496,1
1310,335000,17500,7,1959,1902,2,567,0
1311,203000,8814,7,2005,1274,0,508,1
1312,302000,9572,8,1990,2810,1,750,1
1313,333168,14774,9,1999,2599,1,779,1
1314,119000,8190,4,1954,948,1,280,1
1315,206900,11075,6,1969,2112,2,576,1
1316,295493,10226,8,2008,1630,1,860,1
1317,208900,4230,7,2006,1352,1,466,1
1318,275000,14781,8,2001,1787,1,748,1
1319,111000,10215,4,1954,948,0,248,1
1320,156500,8400,6,1957,1478,2,442,1
1321,72500,6627,3,1949,720,0,287,0
1322,190000,10186,7,1992,1923,1,564,1
1323,82500,5330,4,1940,708,0,0,1
1324,147000,9986,8,2006,1795,1,895,1
1325,55000,3636,4,1922,796,0,0,1
1326,79000,4270,3,1931,774,0,0,1
1327,130500,6600,5,1982,816,1,264,1
1328,256000,10440,6,1920,2792,2,520,1
1329,176500,9084,7,1998,1632,1,462,1
1330,227000,10000,8,2006,1588,1,825,1
1331,132500,10780,5,1976,954,0,576,1
1332,100000,8877,4,1938,816,1,288,1
1333,125500,7200,5,1938,1360,0,297,1
1334,125000,2368,5,1970,1365,0,440,1
1335,167900,9650,6,1977,1334,1,630,1
1336,135000,9246,5,1973,1656,0,506,0
1337,52500,4118,4,1941,693,0,0,0
1338,200000,13450,7,2002,1861,0,492,1
1339,128500,9560,5,1972,864,0,288,1
1340,123000,8294,4,1971,872,0,480,1
1341,155000,13695,6,2003,1114,0,576,0
1342,228500,9375,8,2002,2169,1,647,1
1343,177000,7558,6,1928,1913,1,342,1
1344,155835,11103,7,2006,1456,1,440,1
1345,108500,6000,4,1920,960,0,308,1
1346,262500,20781,7,1968,2156,1,508,0
1347,283463,15306,8,2006,1776,1,712,1
1348,215000,16196,7,1998,1494,1,514,1
1349,122000,5250,8,1872,2358,0,0,1
1350,200000,11643,5,1969,2634,0,968,0
1351,171000,9247,6,1962,1716,1,490,1
1352,134900,6000,6,1937,1176,0,624,1
1353,410000,14720,8,1995,3238,1,666,1
1354,235000,10316,7,2000,1865,1,839,1
1355,170000,10192,7,1968,1920,1,487,1
1356,110000,9477,5,1966,892,0,264,1
1357,149900,12537,5,1971,1078,1,500,1
1358,177500,2117,6,2000,1573,0,440,1
1359,315000,16737,9,2004,1980,1,770,1
1360,189000,9842,5,1921,2601,0,621,0
1361,260000,16158,7,2005,1530,1,430,1
1362,104900,12513,4,1920,1738,1,368,0
1363,156932,8499,6,2006,1412,1,432,1
1364,144152,3180,7,2005,1200,0,480,1
1365,216000,7500,7,2000,1674,0,663,1
1366,193000,9179,7,1999,1790,0,588,1
1367,127000,2665,5,1977,1475,1,336,1
1368,144000,4435,6,2003,848,0,420,1
1369,232000,10635,8,2003,1668,1,502,1
1370,105000,5400,4,1920,1374,0,338,0
1371,165500,9600,6,1955,1661,1,377,1
1372,274300,9750,7,1998,2097,1,583,1
1373,466500,11400,10,2001,2633,2,804,1
1374,250000,10625,7,2005,1958,1,936,1
1375,239000,10991,8,2007,1571,1,722,1
1376,91000,6292,6,1930,790,0,160,1
1377,117000,10998,5,1941,1604,0,660,1
1378,83000,1953,6,1973,987,0,264,1
1379,167500,9735,5,2006,1394,0,400,1
1380,58500,8212,3,1914,864,0,200,1
1381,237500,12925,6,1970,2117,2,550,1
1382,157000,7200,7,1920,1762,0,576,1
1383,112000,25339,5,1918,1416,0,576,1
1384,105000,9060,6,1939,1258,0,280,1
1385,125500,5436,4,1922,1154,0,240,1
1386,250000,16692,7,1978,2784,2,564,0
1387,136000,8520,6,1916,2526,1,216,0
1388,377500,14892,9,2006,1746,2,758,1
1389,131000,6000,6,1941,1218,1,440,1
1390,235000,9100,7,2000,1525,0,541,1
1391,124000,8944,5,1967,1584,0,792,1
1392,123000,7838,5,1967,900,1,288,1
1393,163000,10800,6,1905,1912,1,672,1
1394,246578,4045,7,2006,1500,1,648,1
1395,281213,12665,8,2005,2482,1,642,1
1396,160000,57200,5,1948,1687,2,572,1
1397,137500,6120,5,1920,1513,0,180,1
1398,138000,7200,5,1950,1904,0,240,1
1399,137450,6171,6,1925,1608,1,216,1
1400,120000,6000,6,1929,1158,1,208,1
1401,193000,7415,6,2004,1593,1,398,1
1402,193879,6762,7,2006,1294,1,662,1
1403,282922,15256,8,2007,1464,0,754,0
1404,105000,10410,3,1915,1214,0,936,0
1405,275000,3842,8,2004,1646,1,482,1
1406,133000,8445,5,1972,768,0,396,1
1407,112000,8780,5,1985,833,0,0,1
1408,125500,7740,4,1910,1363,0,528,1
1409,215000,20544,7,1986,2093,1,542,1
1410,230000,12420,7,2001,1840,0,622,1
1411,140000,9600,6,1950,1668,0,271,1
1412,90000,7200,4,1949,1040,0,420,1
1413,257000,10994,8,2005,1844,1,620,1
1414,207000,13053,6,1923,1848,1,370,1
1415,175900,3635,7,2007,1569,1,660,1
1416,122500,11340,4,1885,2290,0,560,1
1417,340000,16545,8,1998,2450,1,1069,1
1418,124000,9204,5,1963,1144,0,336,1
1419,223000,16381,6,1969,1844,1,540,1
1420,179900,11700,6,1968,1416,1,776,1
1421,127500,4043,6,1977,1069,1,440,1
1422,136500,4435,6,2003,848,0,420,1
1423,274970,19690,6,1966,2201,1,432,1
1424,144000,9503,5,1958,1344,1,484,1
1425,142000,10721,6,1959,1252,0,528,1
1426,271000,10944,7,1994,2127,2,525,1
1427,140000,10930,5,1945,1558,1,288,0
1428,119000,7200,5,1940,804,2,240,1
1429,182900,12546,6,1981,1440,1,467,1
1430,192140,21930,5,2005,1838,1,372,0
1431,143750,4928,6,1976,958,0,440,1
1432,64500,10800,4,1927,968,0,216,1
1433,186500,10261,6,2000,1792,1,451,1
1434,160000,17400,5,1977,1126,1,484,1
1435,174000,8400,6,1962,1537,1,462,1
1436,120500,9000,4,1971,864,0,528,1
1437,394617,12444,8,2008,1932,1,774,1
1438,149700,7407,6,1957,1236,0,923,0
1439,197000,11584,7,1979,1725,1,550,1
1440,191000,11526,6,1922,2555,1,672,1
1441,149300,4426,6,2004,848,1,420,1
1442,310000,11003,10,2008,2007,1,812,1
1443,121000,8854,6,1916,952,1,192,1
1444,179600,8500,7,2004,1422,0,626,1
1445,129000,8400,6,1966,913,0,240,1
1446,157900,26142,5,1962,1188,0,312,1
1447,240000,10000,8,1995,2090,1,556,1
1448,112000,11767,4,1910,1346,0,384,1
1449,92000,1533,5,1970,630,0,0,1
1450,136000,9000,5,1974,1792,0,0,1
1451,287090,9262,8,2008,1578,1,840,1
1452,145000,3675,5,2005,1072,0,525,1
1453,84500,17217,5,2006,1140,0,0,1
1454,185000,7500,7,2004,1221,0,400,1
1455,175000,7917,6,1999,1647,1,460,1
1456,210000,13175,6,1978,2073,2,500,1
1457,266500,9042,7,1941,2340,2,252,1
1458,142125,9717,5,1950,1078,0,240,1
1459,147500,9937,5,1965,1256,0,276,1
